symbol,index
7203.T,NIKKEI225
6758.T,NIKKEI225
9984.T,NIKKEI225
6861.T,NIKKEI225
6954.T,NIKKEI225
7974.T,NIKKEI225
8306.T,NIKKEI225
9433.T,NIKKEI225
9432.T,NIKKEI225
4502.T,NIKKEI225
4519.T,NIKKEI225
6501.T,NIKKEI225
6502.T,NIKKEI225
6594.T,NIKKEI225
6752.T,NIKKEI225
7267.T,NIKKEI225
7270.T,NIKKEI225
7733.T,NIKKEI225
7751.T,NIKKEI225
7974.T,NIKKEI225
8001.T,NIKKEI225
8002.T,NIKKEI225
8058.T,NIKKEI225
8233.T,NIKKEI225
8267.T,NIKKEI225
8306.T,NIKKEI225
8316.T,NIKKEI225
8411.T,NIKKEI225
8604.T,NIKKEI225
8766.T,NIKKEI225
8801.T,NIKKEI225
8802.T,NIKKEI225
8830.T,NIKKEI225
9001.T,NIKKEI225
9005.T,NIKKEI225
9007.T,NIKKEI225
9008.T,NIKKEI225
9009.T,NIKKEI225
9020.T,NIKKEI225
9021.T,NIKKEI225
9022.T,NIKKEI225
9062.T,NIKKEI225
9064.T,NIKKEI225
9101.T,NIKKEI225
9104.T,NIKKEI225
9201.T,NIKKEI225
9202.T,NIKKEI225
9301.T,NIKKEI225
9432.T,NIKKEI225
9433.T,NIKKEI225
9434.T,NIKKEI225
9501.T,NIKKEI225
9502.T,NIKKEI225
9503.T,NIKKEI225
9531.T,NIKKEI225
9532.T,NIKKEI225
9602.T,NIKKEI225
9613.T,NIKKEI225
9681.T,NIKKEI225
9735.T,NIKKEI225
9766.T,NIKKEI225
9983.T,NIKKEI225
9984.T,NIKKEI225
1332.T,NIKKEI225
1333.T,NIKKEI225
1417.T,NIKKEI225
1605.T,NIKKEI225
1719.T,NIKKEI225
1721.T,NIKKEI225
1801.T,NIKKEI225
1802.T,NIKKEI225
1803.T,NIKKEI225
1812.T,NIKKEI225
1925.T,NIKKEI225
1928.T,NIKKEI225
1963.T,NIKKEI225
2001.T,NIKKEI225
2002.T,NIKKEI225
2109.T,NIKKEI225
2121.T,NIKKEI225
2127.T,NIKKEI225
2175.T,NIKKEI225
2201.T,NIKKEI225
2212.T,NIKKEI225
2269.T,NIKKEI225
2282.T,NIKKEI225
2331.T,NIKKEI225
2371.T,NIKKEI225
2413.T,NIKKEI225
2432.T,NIKKEI225
2501.T,NIKKEI225
2502.T,NIKKEI225
2503.T,NIKKEI225
2531.T,NIKKEI225
2587.T,NIKKEI225
2593.T,NIKKEI225
2651.T,NIKKEI225
2670.T,NIKKEI225
2702.T,NIKKEI225
2768.T,NIKKEI225
2801.T,NIKKEI225
2802.T,NIKKEI225
2871.T,NIKKEI225
2914.T,NIKKEI225
3003.T,NIKKEI225
3038.T,NIKKEI225
3048.T,NIKKEI225
3064.T,NIKKEI225
3086.T,NIKKEI225
3099.T,NIKKEI225
3101.T,NIKKEI225
3103.T,NIKKEI225
3105.T,NIKKEI225
3116.T,NIKKEI225
3148.T,NIKKEI225
3167.T,NIKKEI225
3182.T,NIKKEI225
3197.T,NIKKEI225
3231.T,NIKKEI225
3244.T,NIKKEI225
3258.T,NIKKEI225
3281.T,NIKKEI225
3288.T,NIKKEI225
3289.T,NIKKEI225
3291.T,NIKKEI225
3349.T,NIKKEI225
3382.T,NIKKEI225
3401.T,NIKKEI225
3402.T,NIKKEI225
3405.T,NIKKEI225
3407.T,NIKKEI225
3436.T,NIKKEI225
3479.T,NIKKEI225
3501.T,NIKKEI225
3502.T,NIKKEI225
3532.T,NIKKEI225
3549.T,NIKKEI225
3563.T,NIKKEI225
3626.T,NIKKEI225
3635.T,NIKKEI225
3659.T,NIKKEI225
3665.T,NIKKEI225
3679.T,NIKKEI225
3681.T,NIKKEI225
3738.T,NIKKEI225
3765.T,NIKKEI225
3769.T,NIKKEI225
3778.T,NIKKEI225
3861.T,NIKKEI225
3863.T,NIKKEI225
3864.T,NIKKEI225
3891.T,NIKKEI225
3902.T,NIKKEI225
3904.T,NIKKEI225
3908.T,NIKKEI225
3923.T,NIKKEI225
3932.T,NIKKEI225
3941.T,NIKKEI225
4004.T,NIKKEI225
4005.T,NIKKEI225
4021.T,NIKKEI225
4041.T,NIKKEI225
4042.T,NIKKEI225
4043.T,NIKKEI225
4061.T,NIKKEI225
4062.T,NIKKEI225
4063.T,NIKKEI225
4151.T,NIKKEI225
4183.T,NIKKEI225
4188.T,NIKKEI225
4208.T,NIKKEI225
4220.T,NIKKEI225
4247.T,NIKKEI225
4272.T,NIKKEI225
4307.T,NIKKEI225
4324.T,NIKKEI225
4348.T,NIKKEI225
4403.T,NIKKEI225
4452.T,NIKKEI225
4502.T,NIKKEI225
4503.T,NIKKEI225
4506.T,NIKKEI225
4507.T,NIKKEI225
4519.T,NIKKEI225
4521.T,NIKKEI225
4523.T,NIKKEI225
4543.T,NIKKEI225
4568.T,NIKKEI225
4578.T,NIKKEI225
4612.T,NIKKEI225
4613.T,NIKKEI225
4631.T,NIKKEI225
4661.T,NIKKEI225
4689.T,NIKKEI225
4704.T,NIKKEI225
4716.T,NIKKEI225
4739.T,NIKKEI225
4755.T,NIKKEI225
4901.T,NIKKEI225
4902.T,NIKKEI225
4911.T,NIKKEI225
4921.T,NIKKEI225
4922.T,NIKKEI225
4927.T,NIKKEI225
4967.T,NIKKEI225
5019.T,NIKKEI225
5020.T,NIKKEI225
5101.T,NIKKEI225
5108.T,NIKKEI225
5201.T,NIKKEI225
5202.T,NIKKEI225
5214.T,NIKKEI225
5232.T,NIKKEI225
5233.T,NIKKEI225
5301.T,NIKKEI225
5332.T,NIKKEI225
5333.T,NIKKEI225
5334.T,NIKKEI225
5401.T,NIKKEI225
5406.T,NIKKEI225
5411.T,NIKKEI225
5541.T,NIKKEI225
5631.T,NIKKEI225
5703.T,NIKKEI225
5706.T,NIKKEI225
5707.T,NIKKEI225
5711.T,NIKKEI225
5713.T,NIKKEI225
5714.T,NIKKEI225
5801.T,NIKKEI225
5802.T,NIKKEI225
5803.T,NIKKEI225
5901.T,NIKKEI225
6098.T,NIKKEI225
6103.T,NIKKEI225
6113.T,NIKKEI225
6178.T,NIKKEI225
6183.T,NIKKEI225
6201.T,NIKKEI225
6268.T,NIKKEI225
6273.T,NIKKEI225
6301.T,NIKKEI225
6302.T,NIKKEI225
6305.T,NIKKEI225
6326.T,NIKKEI225
6361.T,NIKKEI225
6367.T,NIKKEI225
6471.T,NIKKEI225
6472.T,NIKKEI225
6473.T,NIKKEI225
6501.T,NIKKEI225
6502.T,NIKKEI225
6503.T,NIKKEI225
6504.T,NIKKEI225
6506.T,NIKKEI225
6508.T,NIKKEI225
6516.T,NIKKEI225
6586.T,NIKKEI225
6594.T,NIKKEI225
6645.T,NIKKEI225
6674.T,NIKKEI225
6701.T,NIKKEI225
6702.T,NIKKEI225
6703.T,NIKKEI225
6723.T,NIKKEI225
6724.T,NIKKEI225
6752.T,NIKKEI225
6753.T,NIKKEI225
6758.T,NIKKEI225
6762.T,NIKKEI225
6770.T,NIKKEI225
6841.T,NIKKEI225
6857.T,NIKKEI225
6861.T,NIKKEI225
6869.T,NIKKEI225
6902.T,NIKKEI225
6920.T,NIKKEI225
6923.T,NIKKEI225
6952.T,NIKKEI225
6954.T,NIKKEI225
6963.T,NIKKEI225
6971.T,NIKKEI225
6976.T,NIKKEI225
6988.T,NIKKEI225
7003.T,NIKKEI225
7004.T,NIKKEI225
7011.T,NIKKEI225
7012.T,NIKKEI225
7013.T,NIKKEI225
7186.T,NIKKEI225
7201.T,NIKKEI225
7203.T,NIKKEI225
7205.T,NIKKEI225
7211.T,NIKKEI225
7267.T,NIKKEI225
7269.T,NIKKEI225
7270.T,NIKKEI225
7272.T,NIKKEI225
7731.T,NIKKEI225
7733.T,NIKKEI225
7735.T,NIKKEI225
7741.T,NIKKEI225
7751.T,NIKKEI225
7752.T,NIKKEI225
7762.T,NIKKEI225
7832.T,NIKKEI225
7911.T,NIKKEI225
7912.T,NIKKEI225
7951.T,NIKKEI225
7974.T,NIKKEI225
8001.T,NIKKEI225
8002.T,NIKKEI225
8015.T,NIKKEI225
8020.T,NIKKEI225
8031.T,NIKKEI225
8035.T,NIKKEI225
8053.T,NIKKEI225
8058.T,NIKKEI225
8111.T,NIKKEI225
8113.T,NIKKEI225
8233.T,NIKKEI225
8252.T,NIKKEI225
8253.T,NIKKEI225
8267.T,NIKKEI225
8270.T,NIKKEI225
8303.T,NIKKEI225
8304.T,NIKKEI225
8306.T,NIKKEI225
8308.T,NIKKEI225
8309.T,NIKKEI225
8316.T,NIKKEI225
8331.T,NIKKEI225
8354.T,NIKKEI225
8355.T,NIKKEI225
8410.T,NIKKEI225
8411.T,NIKKEI225
8424.T,NIKKEI225
8425.T,NIKKEI225
8439.T,NIKKEI225
8601.T,NIKKEI225
8604.T,NIKKEI225
8628.T,NIKKEI225
8630.T,NIKKEI225
8697.T,NIKKEI225
8725.T,NIKKEI225
8750.T,NIKKEI225
8766.T,NIKKEI225
8795.T,NIKKEI225
8801.T,NIKKEI225
8802.T,NIKKEI225
8804.T,NIKKEI225
8830.T,NIKKEI225
9001.T,NIKKEI225
9005.T,NIKKEI225
9007.T,NIKKEI225
9008.T,NIKKEI225
9009.T,NIKKEI225
9020.T,NIKKEI225
9021.T,NIKKEI225
9022.T,NIKKEI225
9062.T,NIKKEI225
9064.T,NIKKEI225
9101.T,NIKKEI225
9104.T,NIKKEI225
9107.T,NIKKEI225
9201.T,NIKKEI225
9202.T,NIKKEI225
9301.T,NIKKEI225
9432.T,NIKKEI225
9433.T,NIKKEI225
9434.T,NIKKEI225
9501.T,NIKKEI225
9502.T,NIKKEI225
9503.T,NIKKEI225
9531.T,NIKKEI225
9532.T,NIKKEI225
9602.T,NIKKEI225
9613.T,NIKKEI225
9681.T,NIKKEI225
9735.T,NIKKEI225
9766.T,NIKKEI225
9983.T,NIKKEI225
9984.T,NIKKEI225
